dataset_name,failure_type,repair_success,repair_attempts,execution_time_seconds,llm_calls_made,notes
dataset_1_type_mismatches,syntax_error,True,1,73.45,24,
dataset_1_type_mismatches,import_error,True,1,60.69,22,
dataset_1_type_mismatches,runtime_type_error,True,1,60.77,22,
dataset_1_type_mismatches,syntax_error,True,1,69.97,29,
dataset_1_type_mismatches,import_error,True,1,72.1,28,
dataset_1_type_mismatches,runtime_type_error,True,1,68.73,27,
dataset_1_type_mismatches,syntax_error,True,2,80.03,30,
dataset_1_type_mismatches,import_error,True,2,81.08,31,
dataset_1_type_mismatches,runtime_type_error,True,2,79.34,30,
